p_val	avg_logFC	pct.1	pct.2	p_val_adj	gene
CCL5	0	1.6283982725115	0.583	0.038	0	CCL5
NKG7	0	1.32706985109306	0.387	0.033	0	NKG7
CXCR4	0	1.30509251996143	0.869	0.207	0	CXCR4
ZFP36L2	0	1.18789642962711	0.966	0.65	0	ZFP36L2
LTB	0	1.16962256155597	0.521	0.062	0	LTB
CD69	0	1.15804946719597	0.678	0.056	0	CD69
CD52	0	1.14137286433284	0.71	0.109	0	CD52
CD7	0	1.06753690410973	0.614	0.021	0	CD7
CST7	0	1.03864039760429	0.558	0.038	0	CST7
IL7R	0	1.02926944300912	0.553	0.009	0	IL7R
PTPRC	0	1.02556124678212	0.815	0.162	0	PTPRC
PRF1	0	1.00064757474048	0.335	0.007	0	PRF1
CD3D	0	0.985104060106044	0.62	0.013	0	CD3D
BTG1	0	0.975907782001181	0.957	0.646	0	BTG1
RPS29	0	0.971992446957902	1	0.995	0	RPS29
RPS27	0	0.928544602509269	1	1	0	RPS27
SARAF	0	0.917677066089883	0.901	0.648	0	SARAF
GZMA	0	0.9157275389045	0.393	0.012	0	GZMA
CD3E	0	0.892502718115633	0.615	0.008	0	CD3E
CTSW	0	0.855486840358519	0.475	0.023	0	CTSW
RPS19	0	0.834241867825366	1	0.999	0	RPS19
GZMK	0	0.809127659495479	0.346	0.01	0	GZMK
CD2	0	0.77629218643374	0.522	0.008	0	CD2
RPS3	0	0.731806698464516	1	0.997	0	RPS3
RPL39	0	0.704949009570514	1	0.996	0	RPL39
B2M	0	0.67906368673519	1	1	0	B2M
RPL28	0	0.66262990595963	1	0.992	0	RPL28
LCK	0	0.657576379735334	0.518	0.013	0	LCK
RPS21	0	0.639699181148033	1	0.966	0	RPS21
RPSA	0	0.633768754114982	0.999	0.964	0	RPSA
CLEC2D	0	0.618786081376941	0.501	0.059	0	CLEC2D
RPS15A	0	0.61749611053625	1	0.998	0	RPS15A
RPLP2	0	0.609822495823327	1	0.999	0	RPLP2
LEPROTL1	0	0.596391938328796	0.525	0.185	0	LEPROTL1
CD247	0	0.558671767354475	0.388	0.007	0	CD247
SPOCK2	0	0.518828176784089	0.415	0.019	0	SPOCK2
CD3G	0	0.460570084015721	0.353	0.004	0	CD3G
GZMM	0	0.420729842131807	0.323	0.006	0	GZMM
CD63	0	-0.979262050428756	0.893	0.981	0	CD63
VIM	0	-1.1940274729133	0.984	0.985	0	VIM
SPARCL1	0	-1.46303317196099	0.681	0.749	0	SPARCL1
IFITM3	0	-1.46884665410157	0.852	0.935	0	IFITM3
CST3	0	-1.73088879143069	0.861	0.965	0	CST3
IGFBP7	0	-2.24471439561378	0.869	0.876	0	IGFBP7
ACAP1	1.48219693752374e-323	0.614438231642723	0.531	0.085	1.95916791201888e-319	ACAP1
RPL27A	3.07308831713255e-321	0.570829557944849	1	0.999	4.06200813758581e-317	RPL27A
RPL41	4.14175230908717e-319	0.52474396499372	1	1	5.47456820215142e-315	RPL41
PTGER2	3.73606971905221e-306	0.4399561187863	0.343	0.013	4.93833695464321e-302	PTGER2
EVL	9.96551502903645e-294	0.596491492859282	0.512	0.127	1.31724177653804e-289	EVL
GPR171	2.24634761857108e-291	0.47469069859444	0.319	0.01	2.96922228222726e-287	GPR171
PPP2R5C	3.99124335148499e-290	0.525473563690707	0.464	0.178	5.27562546199286e-286	PPP2R5C
FYN	8.88985223324568e-286	0.572731795048379	0.448	0.086	1.17506066819041e-281	FYN
CORO1A	5.85310526220147e-282	0.834621672658977	0.714	0.213	7.7366345355779e-278	CORO1A
IL2RB	2.11572612345008e-281	0.376291363956579	0.272	0.004	2.79656678997632e-277	IL2RB
RPL23A	1.36089627973899e-277	0.520992244999083	1	0.999	1.798832702559e-273	RPL23A
RPS26	5.50113274893665e-276	0.569040916491213	0.995	0.972	7.27139726754447e-272	RPS26
ARHGDIB	6.77165116648846e-276	0.691825570039222	0.87	0.547	8.95076851186445e-272	ARHGDIB
HCST	3.34784202503624e-271	0.674892606848293	0.72	0.2	4.4251775886929e-267	HCST
PSAP	4.84586199679622e-270	-0.966000206181605	0.793	0.926	6.40526038736524e-266	PSAP
IL2RG	5.7620253955744e-269	0.550802656214871	0.49	0.072	7.61624516787024e-265	IL2RG
RPL13	3.91082520472043e-256	0.5080627092129	1	1	5.16932875559946e-252	RPL13
TNFRSF1A	6.5392618313102e-251	-0.666329484979905	0.057	0.543	8.64359628862582e-247	TNFRSF1A
PTRF	3.03847384629865e-250	-0.849533762100647	0.12	0.596	4.01625473003755e-246	PTRF
RHOH	1.00965745502545e-249	0.434188335064109	0.378	0.038	1.33456522405264e-245	RHOH
CD6	1.58363379791468e-246	0.314324540665346	0.264	0.007	2.09324715408363e-242	CD6
PTMS	5.06636773791189e-246	-0.670904537429124	0.115	0.613	6.69672487597193e-242	PTMS
CDC42SE2	7.79781453966062e-244	0.526626237608929	0.469	0.148	1.03071512585234e-239	CDC42SE2
CD48	2.00598498291948e-243	0.548064104507865	0.478	0.084	2.65151095042297e-239	CD48
SYTL3	1.56570053072287e-242	0.454170360411837	0.343	0.033	2.06954296150949e-238	SYTL3
PMP22	4.14909657679807e-242	-0.782487377385838	0.023	0.472	5.48427585521169e-238	PMP22
CD8A	8.62059344818576e-242	0.518344500837538	0.248	0.006	1.13947004198119e-237	CD8A
RPS28	3.53041795808725e-236	0.50362812157401	1	0.999	4.66650645699973e-232	RPS28
CMC1	1.61129012099278e-235	0.525333607140338	0.243	0.144	2.12980328192825e-231	CMC1
RPL13A	2.20973406123042e-235	0.44993989184357	1	1	2.92082648213437e-231	RPL13A
GAS6	6.62151415745096e-233	-0.978792576034928	0.067	0.533	8.75231741331868e-229	GAS6
CAV1	3.33934341562398e-232	-0.913027771101102	0.028	0.465	4.41394412677178e-228	CAV1
CNN3	2.61207420060016e-229	-0.91890181114532	0.139	0.593	3.4526396783533e-225	CNN3
A2M	7.96396056281914e-228	-0.849494310638991	0.133	0.596	1.05267630719343e-223	A2M
ZAP70	4.86518726355673e-227	0.276081700173068	0.239	0.005	6.43080452496929e-223	ZAP70
RAC2	9.92837148669352e-227	0.60112462545433	0.527	0.137	1.31233214311115e-222	RAC2
YBX3	5.67862983955627e-226	-0.618564126930977	0.082	0.552	7.50601292192548e-222	YBX3
SH2D1A	2.30951684666807e-225	0.295677704839133	0.224	0.003	3.05271936792586e-221	SH2D1A
RPS15	3.73125225858181e-220	0.42577151457403	1	1	4.93196923539343e-216	RPS15
NUPR1	1.55206723805247e-219	-0.814056987699389	0.075	0.526	2.05152247525775e-215	NUPR1
LAPTM4A	1.73780133889161e-219	-0.72572320297471	0.699	0.889	2.29702580974693e-215	LAPTM4A
PABPC1	1.0300423962848e-217	0.566967200854006	0.957	0.803	1.36151003940924e-213	PABPC1
HSPB1	8.07067916899142e-217	-1.21648057545009	0.761	0.85	1.06678237255729e-212	HSPB1
SRGN	1.11767344206952e-214	0.428164050085895	0.933	0.498	1.4773407557275e-210	SRGN
CD74	1.15720358517493e-214	-1.8649764365841	0.938	0.771	1.52959169888422e-210	CD74
RPS14	1.5130229061324e-214	0.47171083913662	1	1	1.99991367732581e-210	RPS14
RPL30	6.86646191261664e-214	0.470997393391458	1	0.997	9.07608935609668e-210	RPL30
ENG	1.15639133215007e-213	-0.743037228433636	0.041	0.469	1.52851806283597e-209	ENG
SH2D2A	1.74426513539389e-213	0.293910133910524	0.24	0.007	2.30556965596364e-209	SH2D2A
WBP5	7.19190686668526e-213	-0.526323393801922	0.023	0.435	9.50626249638457e-209	WBP5
CLU	7.30429467315707e-213	-1.49881716016014	0.705	0.715	9.65481669897901e-209	CLU
STK17B	1.31692687927043e-212	0.589839961416162	0.528	0.175	1.74071394901965e-208	STK17B
TAGLN	6.10075404395626e-212	-2.16381232588909	0.823	0.746	8.06397669530139e-208	TAGLN
APP	1.14499813858324e-210	-0.607871681203859	0.067	0.51	1.51345853957933e-206	APP
CD96	1.60426651970802e-210	0.261808011029379	0.223	0.005	2.12051948575006e-206	CD96
PRKCDBP	2.33194146487174e-209	-0.648190290239869	0.023	0.429	3.08236022826747e-205	PRKCDBP
RPS27A	4.99561719463937e-208	0.455782668112731	1	0.999	6.60320680787432e-204	RPS27A
MEF2C	1.25996664927306e-207	-0.548155854207457	0.022	0.426	1.66542391700913e-203	MEF2C
APLP2	2.28518674036289e-207	-0.538869999259436	0.098	0.553	3.02055983341167e-203	APLP2
CPE	5.79446219569576e-205	-0.934471570113478	0.052	0.461	7.65912013027066e-201	CPE
SPARC	5.95044083395914e-205	-0.961300501738441	0.114	0.542	7.86529269432719e-201	SPARC
EMP2	9.98646152218331e-205	-0.4865652597029	0.017	0.41	1.32001048400219e-200	EMP2
FCGRT	4.7569934696603e-204	-0.759831881942177	0.171	0.614	6.28779396819699e-200	FCGRT
LGALS1	1.58826527065184e-201	-0.798262200776924	0.908	0.87	2.0993690347476e-197	LGALS1
CTSL	1.39516875026656e-200	-0.589085992342895	0.024	0.42	1.84413405410234e-196	CTSL
CD53	4.85560689697725e-200	0.581635212752138	0.609	0.19	6.41814119642453e-196	CD53
COX7A1	1.23903248993361e-199	-0.544714010314803	0.02	0.41	1.63775314519425e-195	COX7A1
CLIC4	4.18778545081882e-199	-0.520254589141232	0.025	0.42	5.53541480889232e-195	CLIC4
GSN	4.9766335227292e-199	-1.99518002362064	0.84	0.908	6.57811419034345e-195	GSN
COL6A1	1.00453210708526e-197	-0.689277080982485	0.024	0.415	1.32779053914529e-193	COL6A1
RPL21	2.86993546238635e-197	0.416569434161086	1	1	3.79348069418228e-193	RPL21
S100A11	6.74971218703507e-196	-0.710843615171204	0.872	0.918	8.92176956882295e-192	S100A11
LHFP	4.66257434342856e-194	-0.594746904687442	0.024	0.41	6.16299076714387e-190	LHFP
TSPAN4	3.12904317626322e-193	-0.503621037593673	0.037	0.437	4.13596927038473e-189	TSPAN4
RPS12	8.61172803038122e-193	0.478317150076512	1	0.998	1.13829821105579e-188	RPS12
PLS3	1.38491049317951e-192	-0.652456432948362	0.02	0.397	1.83057468988468e-188	PLS3
TFPI	6.92470175024276e-192	-0.587511634825871	0.016	0.39	9.15307077347088e-188	TFPI
GNG11	1.3896993495394e-191	-0.648510094593053	0.031	0.42	1.83690460022118e-187	GNG11
CRIP2	2.867585283595e-191	-0.842903353398048	0.104	0.518	3.79037422785587e-187	CRIP2
RPS2	1.16158315255191e-190	0.467734725943112	1	0.999	1.53538061104311e-186	RPS2
EPHX1	5.52785149894877e-190	-0.530407963702508	0.013	0.38	7.30671411131048e-186	EPHX1
EEF1D	1.79503473286235e-189	0.452028860646298	0.997	0.955	2.37267690989745e-185	EEF1D
RAC1	5.85166783841316e-189	-0.580605407486703	0.652	0.866	7.73473454881452e-185	RAC1
RPL36	6.66484253635437e-188	0.442914143846653	1	0.997	8.80958886455321e-184	RPL36
TSC22D1	4.15912875712413e-187	-0.844614523637249	0.047	0.442	5.49753639116668e-183	TSC22D1
CD9	5.5478538187266e-187	-0.934942282725828	0.37	0.689	7.33315317759282e-183	CD9
PDK4	3.01344430411641e-186	-0.661335372507396	0.017	0.383	3.98317068118107e-182	PDK4
RUNX3	3.39923508731944e-186	0.294038118926141	0.248	0.016	4.49310893841884e-182	RUNX3
RPL38	3.62205814657096e-186	0.453230212354204	0.999	0.984	4.78763645813749e-182	RPL38
NGFRAP1	5.55040776188245e-186	-0.527406683783183	0.036	0.424	7.33652897965622e-182	NGFRAP1
RPS25	1.04667920391091e-183	0.428702800665107	1	0.998	1.38350057172943e-179	RPS25
AEBP1	9.75987959387087e-183	-1.00094996031058	0.038	0.418	1.29006088471785e-178	AEBP1
CD151	3.24365662496111e-182	-0.790640460936828	0.246	0.645	4.28746532687359e-178	CD151
ANXA2	3.57191069600665e-182	-0.668979127772513	0.753	0.857	4.72135155798159e-178	ANXA2
TCF4	3.80083712947866e-182	-0.464426931035281	0.015	0.374	5.02394651774489e-178	TCF4
TBC1D10C	8.28944633418524e-182	0.36671010635781	0.325	0.042	1.0956990164526e-177	TBC1D10C
RPL14	1.42863501414527e-181	0.420950269011267	1	0.996	1.88836976169721e-177	RPL14
NFIB	7.96943089142782e-181	-0.505114942697498	0.019	0.38	1.05339937522893e-176	NFIB
RCN1	8.27336607800893e-181	-0.43893136813834	0.026	0.396	1.09357352819122e-176	RCN1
ACTN1	6.88630725736068e-179	-0.63329874895335	0.032	0.404	9.10232093277934e-175	ACTN1
TUBB6	1.58131052992306e-178	-0.425424946702103	0.012	0.359	2.0901762584523e-174	TUBB6
S100A6	1.33994385188992e-177	-0.893465488809834	0.987	0.971	1.77113778342809e-173	S100A6
MGP	1.66510133736582e-177	-2.42683801416876	0.902	0.889	2.20093094773014e-173	MGP
ALDH2	2.01616438419292e-177	-0.503943886071854	0.024	0.387	2.6649660830262e-173	ALDH2
RAB13	7.31567278202034e-177	-0.427244070105108	0.013	0.361	9.66985628327449e-173	RAB13
S100A13	1.72649774397205e-176	-0.540196250750363	0.033	0.404	2.28208471798225e-172	S100A13
TIMP1	3.51067497375022e-176	-1.37036745744968	0.847	0.881	4.64041018030304e-172	TIMP1
KLRD1	5.79299215612087e-176	0.416303574322519	0.194	0.007	7.65717703196057e-172	KLRD1
GRN	2.02817903355904e-175	-0.616099540823701	0.089	0.495	2.68084704655834e-171	GRN
SELM	2.40443912451939e-175	-0.755803760452468	0.5	0.735	3.17818763478973e-171	SELM
LAT	1.34809134769776e-174	0.289526643903731	0.256	0.021	1.7819071433869e-170	LAT
PDLIM1	1.79458185551489e-174	-0.745155196715129	0.056	0.44	2.37207829661958e-170	PDLIM1
COL1A2	1.80082225247871e-174	-0.997952283195157	0.034	0.397	2.38032685332635e-170	COL1A2
SOD3	9.19757667973329e-174	-1.06745661304388	0.106	0.469	1.21573568552715e-169	SOD3
RPL31	1.69043298464739e-173	0.409267466949861	1	0.997	2.23441431910692e-169	RPL31
LMNA	2.99368281994014e-173	-0.731904384885674	0.447	0.738	3.95704995139688e-169	LMNA
SERPING1	1.39395052326475e-172	-1.03163959463876	0.457	0.688	1.84252380165134e-168	SERPING1
RPS20	1.3972073776411e-171	0.415510347158631	1	0.991	1.846828711766e-167	RPS20
DDAH2	1.86865920519889e-171	-0.471930905392245	0.095	0.501	2.46999373743189e-167	DDAH2
CXCL12	1.08747240148056e-169	-0.7711710318204	0.031	0.389	1.437421020277e-165	CXCL12
SDC2	4.28863740322479e-169	-0.532487317633197	0.02	0.364	5.66872091958253e-165	SDC2
ARL2	2.14654692087407e-168	-0.437561629195113	0.075	0.466	2.83730572001134e-164	ARL2
IRF1	4.29965485241568e-168	0.521012009313805	0.531	0.236	5.68328378392305e-164	IRF1
PIK3R1	2.18448078672721e-167	0.414115644301374	0.366	0.136	2.88744670389603e-163	PIK3R1
YWHAE	2.66980859740456e-167	-0.498021296423961	0.218	0.639	3.52895300404935e-163	YWHAE
PDLIM7	1.24830984774988e-166	-0.545847208629393	0.02	0.361	1.65001595675579e-162	PDLIM7
RPL36A	3.14071293753798e-166	0.470888746817697	0.998	0.934	4.1513943608377e-162	RPL36A
NNMT	9.84066898882712e-166	-1.08826856043822	0.312	0.598	1.30073962694317e-161	NNMT
MRFAP1	1.61583642466322e-165	-0.467653956657508	0.138	0.55	2.13581258611985e-161	MRFAP1
TINAGL1	2.76411322826173e-165	-0.831171012172645	0.036	0.388	3.65360486511635e-161	TINAGL1
CALD1	4.84986428367485e-165	-1.16678958985519	0.413	0.613	6.41055061016142e-161	CALD1
RPL10	6.60665705132532e-165	0.35005461540997	1	1	8.7326792904418e-161	RPL10
RPL18A	2.20832445054684e-164	0.383065628018706	1	0.999	2.91896325873282e-160	RPL18A
CRYAB	8.86404429996066e-163	-0.944281738005889	0.048	0.409	1.1716493755688e-158	CRYAB
EMP1	7.93480274010508e-162	-0.635900182180652	0.031	0.378	1.04882222618709e-157	EMP1
HSBP1	1.18418016260095e-161	-0.418940341048569	0.088	0.476	1.56524933892593e-157	HSBP1
HTRA1	4.82999575651179e-161	-0.443820614290885	0.019	0.351	6.38428839095729e-157	HTRA1
IGFBP4	1.1037579552288e-160	-1.13724709463167	0.336	0.558	1.45894726522142e-156	IGFBP4
CYB5R3	1.6981121834582e-160	-0.53697955162502	0.131	0.533	2.24456468409505e-156	CYB5R3
CSRP1	2.48329337108162e-160	-0.817333988530182	0.101	0.483	3.28241717789569e-156	CSRP1
TUBA1B	4.12338941277789e-160	-0.630262410301439	0.87	0.928	5.45029612580981e-156	TUBA1B
MAP1B	2.60503855357573e-159	-0.573107465896374	0.014	0.337	3.4433399601164e-155	MAP1B
XCL1	3.16964597033958e-159	0.36810059889332	0.164	0.003	4.18963804359485e-155	XCL1
LEPROT	1.00531927426078e-158	-0.421275713051687	0.072	0.448	1.3288310167179e-154	LEPROT
FILIP1L	1.1593729748605e-157	-0.553638816127738	0.01	0.322	1.53245919817061e-153	FILIP1L
RHOB	3.13555861408035e-157	-0.595075259658491	0.054	0.415	4.14458137609141e-153	RHOB
CYTIP	3.28526210609358e-157	0.403418177606387	0.383	0.086	4.3424594518345e-153	CYTIP
TPM1	7.00301345827866e-157	-1.05990053458454	0.14	0.498	9.25658318915274e-153	TPM1
RPL34	1.77923784356639e-155	0.401356337423686	1	1	2.35179658162606e-151	RPL34
PPIC	2.26115378766838e-155	-0.369395323763209	0.008	0.314	2.98879307654006e-151	PPIC
BIN2	4.48034663207991e-155	0.345530351271079	0.327	0.061	5.92212217828323e-151	BIN2
DUSP2	6.02129655685244e-155	0.48113950035984	0.354	0.068	7.95894978884756e-151	DUSP2
NPC2	9.1501229248262e-155	-0.817463487839318	0.523	0.742	1.20946324820353e-150	NPC2
CAV2	2.81918356036573e-154	-0.452595958450894	0.013	0.327	3.72639683009142e-150	CAV2
TM4SF1	5.61674135438773e-154	-0.832441805419192	0.024	0.35	7.4242087222297e-150	TM4SF1
PLTP	6.73298315209541e-154	-0.869600280284327	0.029	0.362	8.89965713043972e-150	PLTP
COL6A2	1.10681070212485e-153	-0.91943212169572	0.15	0.491	1.46298238606863e-149	COL6A2
TIMP2	1.52694590482375e-153	-0.390419562769903	0.012	0.324	2.01831709699604e-149	TIMP2
CLTA	1.80612794957391e-153	-0.416222766624139	0.143	0.537	2.38733992374679e-149	CLTA
TIMP3	5.31517130350607e-153	-1.17134910652468	0.284	0.563	7.02559342897432e-149	TIMP3
DDIT4	1.26664449598361e-152	0.620888594344794	0.721	0.398	1.67425069479113e-148	DDIT4
YWHAH	6.71793411664017e-152	-0.583508448310684	0.122	0.508	8.87976531537498e-148	YWHAH
EPAS1	1.95794627934462e-151	-0.546948056212582	0.051	0.4	2.58801339203771e-147	EPAS1
BCAM	9.1131570976251e-151	-0.640644127616606	0.016	0.328	1.20457710516409e-146	BCAM
VKORC1	1.46455323074242e-150	-0.407085816810057	0.083	0.452	1.93584646039533e-146	VKORC1
ARF6	3.06256803788895e-150	0.358802508723771	0.519	0.378	4.04810243248161e-146	ARF6
FHL1	9.57360828474428e-150	-0.872360908825239	0.108	0.467	1.2654395430775e-145	FHL1
EFEMP1	9.73954657596522e-150	-1.00628432930503	0.046	0.381	1.28737326641108e-145	EFEMP1
MFAP4	1.09048173705172e-149	-1.16183752753598	0.147	0.452	1.44139876003497e-145	MFAP4
FSTL1	1.75656733706769e-149	-0.613339846924323	0.028	0.351	2.32183070613607e-145	FSTL1
SEPP1	6.45053221795659e-149	-1.25864552631521	0.307	0.621	8.52631348569502e-145	SEPP1
AKNA	7.03565419030035e-149	0.335515540027254	0.299	0.065	9.299727708739e-145	AKNA
PDLIM3	1.53303659648898e-148	-0.617876338090706	0.012	0.313	2.02636777323913e-144	PDLIM3
PARP8	1.59364231234447e-148	0.305910024685947	0.272	0.044	2.10647640845692e-144	PARP8
RPL18	2.68719998492228e-148	0.385248630498392	1	0.994	3.55194094007028e-144	RPL18
PRELP	4.68378823341877e-148	-1.06070823941289	0.068	0.412	6.19103128693293e-144	PRELP
MATK	6.92318360674116e-148	0.257488066030004	0.196	0.011	9.15106409139046e-144	MATK
PIK3IP1	1.73725757197852e-147	0.388609558493773	0.391	0.157	2.29630705864121e-143	PIK3IP1
RPS10	5.68738251038742e-147	0.438468356505432	0.999	0.954	7.5175822022301e-143	RPS10
TSC22D3	5.72842871509439e-146	0.548993003849923	0.805	0.558	7.57183707561176e-142	TSC22D3
ITM2B	1.82288530306732e-145	-0.586458767463818	0.981	0.984	2.40948979359439e-141	ITM2B
RPL19	9.63164877603547e-145	0.367690128166982	1	0.998	1.27311133521637e-140	RPL19
NAMPT	1.55324495100979e-144	-0.624874194005482	0.098	0.461	2.05307917624474e-140	NAMPT
PKIG	3.58829436650387e-144	-0.38950162721655	0.017	0.32	4.74300749364482e-140	PKIG
RPL3	5.04185038800104e-144	0.360456774157476	1	1	6.66431784285977e-140	RPL3
TGFB1I1	7.27166582916123e-144	-0.441511246225014	0.019	0.324	9.61168789298531e-140	TGFB1I1
RAB34	1.3868893786522e-143	-0.364586321916056	0.027	0.342	1.83319038070247e-139	RAB34
FXYD1	2.36841841878512e-143	-0.65669158219102	0.073	0.421	3.13057546595017e-139	FXYD1
SCPEP1	4.02230633146911e-143	-0.407484930651662	0.047	0.382	5.31668450893587e-139	SCPEP1
CTTN	4.48339615620031e-143	-0.352394421076861	0.008	0.295	5.92615303926557e-139	CTTN
GPNMB	1.72560219356805e-142	-0.496083565590492	0.012	0.304	2.28090097945825e-138	GPNMB
ESAM	5.42339533196652e-142	-0.493358909563308	0.017	0.317	7.16864394979334e-138	ESAM
PRDX4	6.584180098907e-142	-0.509425394141956	0.07	0.419	8.70296925473527e-138	PRDX4
RPL35	1.09025481485812e-141	0.35592113349368	1	0.997	1.44109881427946e-137	RPL35
ETS2	1.4419659749546e-141	-0.474098973597146	0.033	0.351	1.90599062569499e-137	ETS2
EPS8	1.47659445191927e-141	-0.37322283020904	0.014	0.31	1.95176254654689e-137	EPS8
PALLD	1.68375839498516e-140	-0.458311018829116	0.009	0.294	2.22559184649138e-136	PALLD
SERPINH1	2.343844490267e-140	-0.374438102211024	0.02	0.321	3.09809364723492e-136	SERPINH1
NENF	8.41408261501263e-140	-0.42376805988881	0.151	0.529	1.11217344005237e-135	NENF
SAMSN1	9.17302282121612e-140	0.451587060993561	0.454	0.129	1.21249015650835e-135	SAMSN1
EGR1	1.68741424200535e-138	-0.833157637639819	0.143	0.49	2.23042414508267e-134	EGR1
TMEM176B	4.59076597427916e-138	-0.628576263573812	0.02	0.315	6.06807446480219e-134	TMEM176B
FN1	1.90647074386802e-137	-0.87615868348346	0.039	0.354	2.51997302924475e-133	FN1
RARRES2	2.74621091095785e-137	-0.722506239367923	0.056	0.383	3.62994158210408e-133	RARRES2
PTPN7	6.47380349058729e-136	0.280778947843761	0.252	0.037	8.55707345385829e-132	PTPN7
GPSM3	8.81083028826864e-136	0.468244308526142	0.511	0.198	1.16461554750335e-131	GPSM3
ANXA5	1.46717963159463e-135	-0.515906928332041	0.371	0.719	1.93931803704179e-131	ANXA5
LGMN	2.96084431665853e-135	-0.514617769064902	0.025	0.324	3.91364401775924e-131	LGMN
RAB1A	2.98167070776946e-135	-0.373250521591814	0.126	0.489	3.94117234152968e-131	RAB1A
GMFG	5.60512026209179e-135	0.500013667623888	0.629	0.303	7.40884796243292e-131	GMFG
CTNNA1	8.20707172962966e-135	-0.332914111575071	0.035	0.346	1.08481074122245e-130	CTNNA1
SLIRP	3.25516877722928e-134	-0.373680153017532	0.157	0.525	4.30268208974166e-130	SLIRP
FKBP2	5.32156274211203e-134	-0.464793999616493	0.156	0.527	7.03404163252368e-130	FKBP2
FBLN2	5.46051388786021e-134	-0.826409940923812	0.024	0.316	7.21770725697362e-130	FBLN2
S100A16	9.71585961733641e-134	-0.400642379376023	0.017	0.304	1.28424232421953e-129	S100A16
AXL	2.33963089661445e-133	-0.404681601499795	0.014	0.296	3.09252411914499e-129	AXL
KLF4	2.47710762614619e-133	-0.469211985891509	0.027	0.326	3.27424086024004e-129	KLF4
DCN	6.36792846645759e-133	-2.08817317678664	0.662	0.547	8.41712784696364e-129	DCN
SSPN	7.23971902394116e-133	-0.348000849787054	0.006	0.273	9.56946060584542e-129	SSPN
ARHGEF1	1.93985850702141e-132	0.318781730882076	0.35	0.152	2.56410497458089e-128	ARHGEF1
DPYSL2	4.85084651377699e-132	-0.348475960643585	0.032	0.334	6.41184892191042e-128	DPYSL2
CD302	5.77237985298306e-132	-0.317018326535881	0.012	0.287	7.62993168967301e-128	CD302
INTS6	9.38340062123552e-132	0.484774261575882	0.569	0.325	1.24029789411491e-127	INTS6
HES1	1.21126811080552e-131	-0.593319010462102	0.021	0.31	1.60105418886273e-127	HES1
PSMB5	1.59851122309137e-131	-0.337766741950849	0.085	0.423	2.11291213468217e-127	PSMB5
TMEM14C	1.91262690613652e-131	-0.343617258845083	0.104	0.45	2.52811024453126e-127	TMEM14C
CD37	3.58892841393361e-131	0.420479813991773	0.55	0.198	4.74384557753745e-127	CD37
RPS16	6.75213381133458e-131	0.351112274554619	1	0.997	8.92497047182205e-127	RPS16
FRZB	8.03638242825444e-131	-0.820008372453199	0.017	0.296	1.06224902936667e-126	FRZB
TMA7	2.04527883542482e-130	0.37575127928432	0.928	0.849	2.70344956466452e-126	TMA7
RPS18	4.60858345849652e-130	0.376525107793185	1	0.999	6.0916256154407e-126	RPS18
UBA52	6.94837615516411e-130	0.347483635750558	1	0.99	9.18436360189592e-126	UBA52
CCDC80	8.3820786465171e-130	-0.910674607492466	0.028	0.32	1.10794315549663e-125	CCDC80
MARCKS	9.01267412274272e-130	-0.39323694953247	0.019	0.301	1.19129526554413e-125	MARCKS
ADAMTS1	1.07397297219716e-129	-0.91717872622999	0.049	0.356	1.41957747465021e-125	ADAMTS1
GSTP1	1.19992986670154e-129	-0.46259095224927	0.73	0.884	1.58606729780609e-125	GSTP1
RPL32	2.9767996162057e-129	0.356392164224089	1	1	3.9347337327007e-125	RPL32
BLVRB	2.98129835817955e-129	-0.444036550374644	0.074	0.405	3.94068016984173e-125	BLVRB
PRCP	4.35867816464719e-129	-0.39045948849563	0.045	0.356	5.76130079803066e-125	PRCP
RPL37	7.95505364372845e-129	0.362268906808869	1	0.992	1.05149899062803e-124	RPL37
SNCG	9.52952359259214e-129	-0.524234704882094	0.017	0.295	1.25961242846883e-124	SNCG
HNMT	2.18691014977749e-128	-0.294298152500136	0.004	0.259	2.89065783597589e-124	HNMT
MYL9	5.83547812508079e-128	-1.65949406621841	0.604	0.647	7.71333498573179e-124	MYL9
MT-CO1	6.32175438354674e-128	0.435000794244819	0.995	0.992	8.35609494417208e-124	MT-CO1
GZMB	5.98189387945677e-127	0.780924858856905	0.173	0.012	7.90686732986595e-123	GZMB
TAX1BP3	7.53710963541844e-127	-0.346977115163793	0.051	0.36	9.9625515160961e-123	TAX1BP3
RPL35A	7.87192268153026e-127	0.333516701562313	1	0.999	1.04051074004467e-122	RPL35A
PVRL2	4.23067224877805e-126	-0.321121568786984	0.017	0.29	5.59210257843483e-122	PVRL2
CYSTM1	8.73876086441006e-126	-0.350804751695969	0.062	0.38	1.15508941105772e-121	CYSTM1
MFGE8	1.09384019476766e-125	-1.20143894834364	0.213	0.505	1.44583796944389e-121	MFGE8
CYBRD1	1.12544855541731e-125	-0.42930180971342	0.027	0.313	1.4876179005506e-121	CYBRD1
NDN	1.57910500102309e-125	-0.322798525419141	0.014	0.283	2.08726099035232e-121	NDN
PLSCR1	1.63354342524206e-125	-0.408631397449843	0.059	0.375	2.15921769948496e-121	PLSCR1
RPL27	3.48000622647515e-125	0.354431752520739	0.999	0.985	4.59987223015485e-121	RPL27
BGN	3.81743159074124e-125	-1.28243801073607	0.195	0.473	5.04588107664177e-121	BGN
CALM2	4.16526546691172e-125	-0.551910914191847	0.916	0.945	5.50564789416391e-121	CALM2
EFEMP2	6.62652110556614e-125	-0.345234535599406	0.012	0.275	8.75893559733732e-121	EFEMP2
NFIC	8.25352469669384e-125	-0.33668256094592	0.055	0.364	1.09095089440899e-120	NFIC
ASAH1	9.56754013212509e-125	-0.480527747009494	0.105	0.443	1.26463745466429e-120	ASAH1
ID3	9.60813337635492e-125	-0.967723314306906	0.307	0.586	1.27000306968659e-120	ID3
COMT	2.10289700650089e-124	-0.355148471352742	0.091	0.423	2.77960926319288e-120	COMT
LTBP4	2.29674193271752e-124	-0.625120558248719	0.098	0.426	3.03583348666602e-120	LTBP4
NBL1	2.63692706792545e-124	-0.409901898327221	0.056	0.367	3.48549019838386e-120	NBL1
PLD3	4.24862190092844e-124	-0.463147025364218	0.13	0.477	5.61582842864721e-120	PLD3
PBXIP1	5.01808917398686e-124	0.349114506964883	0.422	0.235	6.63291027017583e-120	PBXIP1
SH3BGRL3	6.45675135140228e-124	0.455150693275332	0.948	0.776	8.53453393628354e-120	SH3BGRL3
NFIA	7.77337442881184e-124	-0.353779250039033	0.033	0.323	1.02748463200035e-119	NFIA
CREG1	7.94906195962921e-124	-0.334375739995828	0.035	0.326	1.05070700982379e-119	CREG1
RPL26	1.6045891129582e-123	0.338050180141086	1	0.998	2.12094588950815e-119	RPL26
AQP1	1.66945763828279e-123	-0.810290033499437	0.034	0.317	2.2066891062822e-119	AQP1
PLPP3	2.01324317925958e-123	-0.376948811312778	0.012	0.273	2.66110483434531e-119	PLPP3
RHEB	2.18393274478083e-123	-0.354510372361319	0.158	0.509	2.8867223020513e-119	RHEB
NDUFC1	1.12208482310852e-122	-0.340888914217849	0.108	0.442	1.48317171918484e-118	NDUFC1
PPP1R14A	1.22700055460041e-122	-1.02654085843153	0.044	0.33	1.62184933307082e-118	PPP1R14A
DSTN	1.38319109195769e-122	-1.09897416261683	0.742	0.806	1.82830198534967e-118	DSTN
OGN	1.54399143885953e-122	-0.575454611615091	0.011	0.267	2.04084788388453e-118	OGN
LRP1	2.25406274906232e-122	-0.401585462667789	0.026	0.306	2.97942014171058e-118	LRP1
LGALS3	8.90778993810404e-122	-0.535877322495725	0.303	0.646	1.17743167401859e-117	LGALS3
ATOX1	1.00135169512031e-121	-0.333750433475911	0.086	0.409	1.32358667061002e-117	ATOX1
SMOC2	1.036253241975e-121	-0.432983691782494	0.009	0.263	1.36971953524256e-117	SMOC2
PRDM1	1.28456200489188e-121	0.357778930377411	0.274	0.055	1.69793405806608e-117	PRDM1
VCAN	4.4520907361715e-120	-0.659973143176889	0.02	0.285	5.88477353507149e-116	VCAN
PCOLCE	4.45409842433534e-120	-0.656323843111184	0.031	0.31	5.88742729728646e-116	PCOLCE
ACTA2	4.64476470639345e-120	-2.00995197789363	0.576	0.532	6.13944998891086e-116	ACTA2
SNX3	5.28808063034559e-120	-0.411399778867834	0.406	0.741	6.98978497719081e-116	SNX3
LGALS3BP	6.28785361044062e-120	-0.47213961174448	0.073	0.387	8.31128490228041e-116	LGALS3BP
STK4	2.26856593217547e-119	0.327252489876431	0.331	0.121	2.99859044914953e-115	STK4
CTSF	3.25056717274296e-119	-0.383929559071765	0.036	0.323	4.29659968893165e-115	CTSF
KDELR2	7.54458798774987e-119	-0.41281249999016	0.181	0.533	9.97243640220777e-115	KDELR2
TRAF3IP3	1.76682050634801e-118	0.264775742066169	0.249	0.041	2.3353833452908e-114	TRAF3IP3
ARF4	6.67637055887657e-118	-0.391977012634563	0.175	0.524	8.82482660472306e-114	ARF4
FAU	1.22406483451656e-117	0.310403632423708	1	0.996	1.61796889826399e-113	FAU
FXYD5	2.63797952179796e-117	0.462994442808551	0.736	0.512	3.48688133191254e-113	FXYD5
SGCE	2.98430168861552e-117	-0.294854326040612	0.006	0.247	3.944649972012e-113	SGCE
SEPT1	3.740630419112e-117	0.289542554614375	0.31	0.092	4.94436528798224e-113	SEPT1
ARPC1A	9.82723766510871e-117	-0.336610050681719	0.059	0.359	1.29896427457407e-112	ARPC1A
PLPP1	1.54259168116775e-116	-0.373878653187832	0.028	0.302	2.03899768416753e-112	PLPP1
ETS1	4.71122886110275e-116	0.333339554793434	0.33	0.086	6.22730230860562e-112	ETS1
DAB2	7.25912105548601e-116	-0.356470388255262	0.014	0.267	9.59510621114141e-112	DAB2
MORF4L2	7.43547394879003e-116	-0.410289734624566	0.161	0.505	9.82820946551066e-112	MORF4L2
COL18A1	2.10504316434758e-115	-0.398277504590224	0.024	0.289	2.78244605463463e-111	COL18A1
NDRG2	3.05165055937517e-115	-0.386770959464955	0.032	0.307	4.0336717093821e-111	NDRG2
CAPZA2	6.49599437701781e-115	-0.379314997466858	0.222	0.573	8.58640536754214e-111	CAPZA2
AKAP12	2.94598666863551e-114	-0.358888812893182	0.011	0.255	3.89400517860242e-110	AKAP12
ITGB2	1.80629271675668e-113	0.375693582540121	0.5	0.186	2.38755771300898e-109	ITGB2
PLAC8	2.97897479262108e-113	0.258785563158301	0.232	0.032	3.93760888088654e-109	PLAC8
TMED9	4.56537568085395e-113	-0.363221152479507	0.228	0.576	6.03451357495275e-109	TMED9
MAFB	2.66541097390275e-112	-0.515765728291588	0.022	0.278	3.52314022530466e-108	MAFB
TRIP6	2.97829324186963e-112	-0.252357658138882	0.015	0.259	3.93670800710328e-108	TRIP6
EBF1	3.59604153765439e-112	-0.29550085477442	0.007	0.241	4.75324770447157e-108	EBF1
DYNLL1	3.93028320505747e-112	-0.466021324271078	0.468	0.752	5.19504834044496e-108	DYNLL1
CALU	7.70737718584336e-112	-0.345821538002254	0.072	0.373	1.01876111642478e-107	CALU
GLTSCR2	1.13305459003032e-111	0.386220460252542	0.9	0.766	1.49767155710208e-107	GLTSCR2
INMT	1.2561768089924e-111	-0.428200885735625	0.014	0.259	1.66041450612615e-107	INMT
PDCD4	1.73404532123356e-111	0.316556454367463	0.385	0.223	2.29206110560652e-107	PDCD4
RPL17	4.48085470780321e-111	0.40050956111117	0.831	0.673	5.92279375277428e-107	RPL17
NPDC1	6.37559651969676e-111	-0.490267958147831	0.071	0.366	8.42726347973518e-107	NPDC1
AK1	7.29027885748961e-111	-0.335845247975189	0.034	0.303	9.63629059382976e-107	AK1
GTF3A	9.45407689145248e-111	0.261378323749202	0.418	0.31	1.24963988351219e-106	GTF3A
CREM	1.01357514710436e-110	0.535714527873994	0.55	0.297	1.33974362944254e-106	CREM
IGFBP5	1.02727060928015e-110	-0.735633045512993	0.015	0.26	1.3578462913465e-106	IGFBP5
SLC29A1	1.04187702473938e-110	-0.261534923573006	0.007	0.239	1.37715305130052e-106	SLC29A1
RNH1	1.29409283905987e-110	-0.351318006920241	0.257	0.604	1.71053191466934e-106	RNH1
ALOX5AP	1.50841348876303e-110	0.302591010833413	0.503	0.195	1.99382094944697e-106	ALOX5AP
FTH1	2.0591995499522e-110	-0.704629733355113	0.999	1	2.72184996512682e-106	FTH1
DST	2.3571285230056e-110	-0.283197599368841	0.012	0.25	3.1156524817088e-106	DST
CD14	4.36107784163829e-110	-1.17828275098484	0.035	0.292	5.76447269107749e-106	CD14
CD68	1.27725141576077e-109	-0.613264714522306	0.02	0.268	1.68827092135259e-105	CD68
FERMT2	1.68425168097784e-109	-0.26472366651705	0.012	0.247	2.22624387191651e-105	FERMT2
RPS6	1.81996924188653e-109	0.315904827083952	1	0.999	2.40563534392561e-105	RPS6
PGRMC1	1.8568966847762e-109	-0.297124882485429	0.049	0.329	2.45444603793718e-105	PGRMC1
CYR61	2.40980524081049e-109	-1.53184686495724	0.358	0.488	3.1852805673033e-105	CYR61
CFL2	2.87363044447788e-109	-0.299788295214267	0.018	0.265	3.79836472151086e-105	CFL2
SLC39A1	3.23204268633473e-109	-0.286157998708194	0.058	0.341	4.27211402279725e-105	SLC39A1
EMILIN1	3.77650115359984e-109	-0.317868004186175	0.005	0.231	4.99177922482827e-105	EMILIN1
PROS1	3.93141876601547e-109	-0.267686390569077	0.008	0.238	5.19654932491925e-105	PROS1
RPL11	4.60100236440674e-109	0.318355071980842	1	0.999	6.08160492527283e-105	RPL11
SPRY1	5.04384384149861e-109	-0.61188593154269	0.043	0.315	6.66695278969287e-105	SPRY1
CDC42EP1	9.17915131882098e-109	-0.26249755982652	0.011	0.246	1.21330022132176e-104	CDC42EP1
SNRPD2	1.4809582406437e-108	0.305585883232061	0.749	0.685	1.95753060248284e-104	SNRPD2
ID2	1.57990211714209e-108	0.579938672698492	0.775	0.576	2.08831461843842e-104	ID2
CNOT6L	6.91127777443842e-108	0.26627080598556	0.249	0.084	9.13532696225271e-104	CNOT6L
RSRP1	9.20363877733158e-108	0.335549224033807	0.42	0.242	1.21653697358769e-103	RSRP1
TNS2	1.1077546880648e-107	-0.26294933213946	0.008	0.237	1.46423014668405e-103	TNS2
GEM	1.13686420671548e-107	-0.431776776704828	0.006	0.231	1.50270710843652e-103	GEM
COL1A1	2.11474474107871e-107	-0.448881703511203	0.013	0.25	2.79526959875784e-103	COL1A1
QSOX1	2.19624248702234e-107	-0.354828303138555	0.043	0.316	2.90299331934613e-103	QSOX1
RBMS3	2.85896545673835e-107	-0.280997291379186	0.005	0.227	3.77898054071675e-103	RBMS3
MMP2	3.41709132423498e-107	-0.632706786135509	0.025	0.274	4.5167113123738e-103	MMP2
OS9	7.14740441503971e-107	-0.323095716947882	0.178	0.506	9.44743915579949e-103	OS9
LCP1	9.29495587654454e-107	0.417284874789643	0.449	0.162	1.22860726776166e-102	LCP1
CFH	1.34527916949069e-106	-1.03075161425028	0.156	0.433	1.77819000623279e-102	CFH
ASPH	1.83685361727745e-106	-0.292392711759374	0.035	0.297	2.42795311131733e-102	ASPH
RASSF5	1.90446912115285e-106	0.287797974237117	0.287	0.076	2.51732728433984e-102	RASSF5
NEXN	2.0211988178705e-106	-0.402645492225748	0.008	0.234	2.67162059746122e-102	NEXN
FLOT1	5.90450124139424e-106	-0.315441747716835	0.114	0.422	7.80456974087491e-102	FLOT1
ELN	6.86441181283614e-106	-0.419090738073015	0.008	0.233	9.07337953420681e-102	ELN
THBD	9.03587962217191e-106	-0.458953823818379	0.012	0.244	1.19436256845868e-101	THBD
FIBIN	1.06042348972093e-105	-0.377715922120569	0.004	0.222	1.40166776871313e-101	FIBIN
LTBP1	1.23985509345479e-105	-0.416475863221057	0.014	0.249	1.63884046252854e-101	LTBP1
NME4	1.49249176043834e-105	-0.270908685786381	0.025	0.273	1.97277560894739e-101	NME4
MGST2	2.12146080064404e-105	-0.312885582801993	0.033	0.292	2.80414688629129e-101	MGST2
CCDC3	4.44190813979082e-105	-0.484127387565522	0.014	0.246	5.87131417917551e-101	CCDC3
RPS7	4.63005214840061e-105	0.322924637121327	1	0.993	6.12000292975593e-101	RPS7
ZFYVE21	1.04984021384082e-104	-0.293952197570571	0.043	0.31	1.3876787946548e-100	ZFYVE21
TMEM176A	1.21801520607154e-104	-0.484170471827102	0.027	0.275	1.60997249938537e-100	TMEM176A
CDKN1A	1.45122606176997e-104	-0.438135550656277	0.098	0.4	1.91823060844754e-100	CDKN1A
PRSS23	3.33973222123931e-104	-0.460592786511615	0.02	0.262	4.41445805003412e-100	PRSS23
RCN3	4.70149188410812e-104	-0.304996640321405	0.012	0.243	6.21443197241411e-100	RCN3
GLUL	6.8066719078731e-104	-0.546657315729931	0.22	0.547	8.99705892782667e-100	GLUL
FGF7	6.84308432944477e-104	-0.831480174531767	0.036	0.288	9.04518886666009e-100	FGF7
EHD2	8.57730897607402e-104	-0.264594010546591	0.01	0.234	1.13374870045746e-99	EHD2
NRP1	1.34876370773505e-103	-0.253707934548307	0.006	0.224	1.78279586888418e-99	NRP1
FMOD	2.02966060612912e-103	-0.385785391977402	0.008	0.229	2.68280538918147e-99	FMOD
ILK	2.60694948197761e-103	-0.382886048261927	0.128	0.44	3.445865825278e-99	ILK
EPB41L2	4.53368420481354e-103	-0.265728445565331	0.012	0.241	5.99262378192253e-99	EPB41L2
RNF166	5.02691352192528e-103	0.261491254630247	0.303	0.121	6.64457429328084e-99	RNF166
ID4	5.07285370328991e-103	-0.713540400495097	0.016	0.248	6.7052980250086e-99	ID4
MXRA8	6.03609812854932e-103	-0.344777479685069	0.02	0.258	7.97851450631649e-99	MXRA8
LMCD1	8.22640190438077e-103	-0.309075201328109	0.008	0.228	1.08736580372105e-98	LMCD1
OAZ2	8.36787126189232e-103	-0.339335770605477	0.098	0.397	1.10606522339693e-98	OAZ2
BRI3	1.05227637427955e-102	-0.299796504802714	0.051	0.321	1.3908989115227e-98	BRI3
CPXM2	1.29559100035839e-102	-0.293619851356408	0.004	0.213	1.71251218427372e-98	CPXM2
HSPG2	1.37482269981072e-102	-0.312888679484018	0.012	0.237	1.81724064460981e-98	HSPG2
GNG5	1.94200188346895e-102	-0.305907408585073	0.199	0.52	2.56693808956926e-98	GNG5
TPM2	2.11538364545505e-102	-1.47042478499785	0.35	0.511	2.79611410256248e-98	TPM2
IGFBP2	2.67543963215841e-102	-0.759175282598787	0.02	0.257	3.53639610578698e-98	IGFBP2
KCTD12	2.98575754218322e-102	-0.28377890122639	0.005	0.219	3.94657431925778e-98	KCTD12
RNASE1	5.61431895594928e-102	-1.24416856703529	0.067	0.33	7.42100679597376e-98	RNASE1
MGAT1	1.37547147244836e-101	-0.324664953536371	0.105	0.404	1.81809819228224e-97	MGAT1
SHFM1	1.38083523275093e-101	-0.291138028486918	0.227	0.548	1.82518801065018e-97	SHFM1
FAM3C	1.38748881992623e-101	-0.303074300436455	0.068	0.347	1.8339827221785e-97	FAM3C
TNFRSF12A	1.43334330296282e-101	-0.447772238482891	0.019	0.252	1.89459317785625e-97	TNFRSF12A
ISG20	1.4479772730262e-101	0.378631520029784	0.446	0.162	1.91393635948603e-97	ISG20
FKBP10	2.21208886791681e-101	-0.269738598756175	0.012	0.238	2.92393906561243e-97	FKBP10
FUS	2.34318505233833e-101	0.269802679300172	0.584	0.555	3.09722200218081e-97	FUS
IFNGR2	2.3549528947527e-101	-0.258922691569206	0.02	0.258	3.11277673628412e-97	IFNGR2
C1QTNF1	3.71192096799725e-101	-0.287160522858201	0.009	0.228	4.90641713549876e-97	C1QTNF1
MGLL	4.89719355832129e-101	-0.286608024120044	0.023	0.263	6.47311044538908e-97	MGLL
MTCH1	7.60812297481507e-101	-0.296620722484584	0.169	0.48	1.00564169481106e-96	MTCH1
RPL6	9.7168696767667e-101	0.302342832871997	1	0.995	1.28437583387502e-96	RPL6
IGFBP6	1.69235196577573e-100	-1.24073850920271	0.484	0.572	2.23695082836236e-96	IGFBP6
SRSF7	2.43480767235563e-100	0.304970891313575	0.622	0.571	3.21832878131967e-96	SRSF7
CTSZ	3.03302547619357e-100	-0.374825276259525	0.035	0.285	4.00905307443266e-96	CTSZ
CD81	3.281740261316e-100	-0.313870128143768	0.051	0.318	4.33780427740748e-96	CD81
IL33	3.4358230512873e-100	-0.288404296364486	0.009	0.226	4.54147090919155e-96	IL33
TMEM47	6.31965982617589e-100	-0.271411534513355	0.005	0.215	8.35332635823929e-96	TMEM47
NTRK2	1.38733608742067e-99	-0.337412371828456	0.015	0.241	1.83378084035264e-95	NTRK2
KDELR1	2.01681340362514e-99	-0.303581852421529	0.111	0.408	2.66582395691172e-95	KDELR1
CHMP2A	3.40156096189266e-99	-0.268502083400044	0.166	0.468	4.49618327942971e-95	CHMP2A
LIMA1	4.42036387652003e-99	-0.334126305578933	0.043	0.299	5.84283697198418e-95	LIMA1
CTGF	6.85575547349148e-99	-1.70932194560919	0.37	0.506	9.06193758486104e-95	CTGF
RBPMS	9.65037978820158e-99	-0.265416022943665	0.01	0.226	1.27558720040448e-94	RBPMS
AOC3	1.34954412408331e-98	-0.275119301297576	0.004	0.209	1.78382742321332e-94	AOC3
CPQ	6.23364608440028e-98	-0.321111615187348	0.055	0.32	8.23963339436028e-94	CPQ
SMTN	1.0253479423938e-97	-0.308670458471732	0.018	0.245	1.35530491025613e-93	SMTN
SPTSSA	1.06037040312049e-97	-0.281800363075914	0.05	0.307	1.40159759884466e-93	SPTSSA
CYGB	1.43607989228854e-97	-0.310411870696881	0.004	0.207	1.898210401627e-93	CYGB
HEXB	3.77163398368387e-97	-0.317051542666496	0.119	0.416	4.98534579963334e-93	HEXB
CTSH	4.93928309373433e-97	-0.398756110654504	0.071	0.345	6.52874439329803e-93	CTSH
RRAGA	5.46492293470115e-97	-0.252113616049797	0.069	0.33	7.22353513508798e-93	RRAGA
NDUFA4L2	6.38518445308659e-97	-0.796260058462763	0.027	0.259	8.43993681008986e-93	NDUFA4L2
ANXA4	6.81536056688193e-97	-0.259927965264889	0.053	0.31	9.00854359730454e-93	ANXA4
SPTBN1	1.91099220900562e-96	-0.307338723859634	0.046	0.302	2.52594950186363e-92	SPTBN1
TGFBI	2.86746986227365e-96	-0.455306943126713	0.032	0.271	3.79022166395331e-92	TGFBI
RPS5	2.98359617334307e-96	0.298116730438492	1	0.994	3.94371742192487e-92	RPS5
CNN1	3.97194857533166e-95	-0.724928370874608	0.01	0.217	5.25012162687339e-91	CNN1
RAMP2	4.52391814176494e-95	-0.536982490581123	0.015	0.231	5.9797149997849e-91	RAMP2
HSPB6	6.72410654862398e-95	-0.368914097781043	0.021	0.247	8.88792403597118e-91	HSPB6
ID1	9.82066064280644e-95	-0.958025607641751	0.063	0.313	1.29809492376616e-90	ID1
WIPF1	9.83511028638027e-95	0.262108948108153	0.308	0.152	1.30000487765374e-90	WIPF1
APOE	1.88508469232965e-94	-1.59892337905296	0.064	0.313	2.49170494632133e-90	APOE
SERPINF1	1.93867918091073e-94	-1.26236385269207	0.123	0.365	2.5625461413278e-90	SERPINF1
PRDX5	2.03288641635592e-94	-0.268408284453668	0.252	0.559	2.68706926513926e-90	PRDX5
IL6ST	6.10451690884667e-94	-0.315684055183758	0.055	0.313	8.06895045011353e-90	IL6ST
HSD17B12	3.74834139149891e-93	-0.289991549468502	0.095	0.374	4.95455765128326e-89	HSD17B12
GPX1	4.08586175028181e-93	-0.825016283733755	0.382	0.64	5.40069206152249e-89	GPX1
NDUFB7	5.29125537703998e-93	-0.272004901835586	0.221	0.525	6.99398135737144e-89	NDUFB7
GSTO1	6.77495262276266e-93	-0.325777881215628	0.174	0.48	8.95513237676769e-89	GSTO1
GPX3	7.78382577229507e-93	-1.22616119286566	0.492	0.62	1.02886609058196e-88	GPX3
ATF3	2.12385297269226e-92	-0.415669303924004	0.035	0.273	2.80730885930464e-88	ATF3
BRD2	3.58636934807709e-92	0.330598710734668	0.506	0.374	4.7404630042883e-88	BRD2
SYNGR2	3.84837102522861e-92	-0.313088078635121	0.099	0.378	5.08677682114717e-88	SYNGR2
TMBIM4	4.01425896169732e-92	-0.256774480956287	0.234	0.534	5.30604749557152e-88	TMBIM4
MYLK	5.53830817970918e-92	-0.455886861937187	0.017	0.231	7.3205357519396e-88	MYLK
CTSB	6.81030353859043e-92	-0.874344345518285	0.177	0.461	9.00185921730883e-88	CTSB
PRDX1	1.22992090037726e-91	-0.389836307811319	0.58	0.792	1.62570944611866e-87	PRDX1
CD93	2.14626341878072e-91	-0.275910379180515	0.007	0.204	2.83693098694436e-87	CD93
LUM	8.14819889378435e-91	-1.58841646413001	0.2	0.368	1.07702892978041e-86	LUM
HDLBP	1.62083737409922e-90	-0.270915322928446	0.052	0.302	2.14242284108435e-86	HDLBP
MGST3	3.86891310939263e-90	-0.480360917752426	0.426	0.701	5.11392934799518e-86	MGST3
SEPW1	5.27703319567165e-90	-0.464506566046558	0.336	0.63	6.97518247803878e-86	SEPW1
KIF5B	7.37084265143033e-90	-0.28922988535631	0.135	0.422	9.74277981666061e-86	KIF5B
HCFC1R1	8.27392287312393e-90	-0.350323590931392	0.059	0.31	1.09364712536952e-85	HCFC1R1
PDIA6	8.27972346765907e-90	-0.328962815169377	0.24	0.548	1.09441384795518e-85	PDIA6
ATRAID	1.12889765171302e-89	-0.268984162118785	0.199	0.493	1.49217691603426e-85	ATRAID
FBLN5	2.94569312712706e-89	-0.617633071022184	0.075	0.32	3.89361717543655e-85	FBLN5
RAB2A	3.59262967477358e-89	-0.267934507281363	0.182	0.473	4.74873790411571e-85	RAB2A
FGFR1	4.05709331475009e-89	-0.252013702518505	0.028	0.25	5.36266594343666e-85	FGFR1
TGM2	4.57547150009096e-89	-0.355284316681245	0.019	0.231	6.04785822882023e-85	TGM2
YBX1	6.39588871759752e-89	-0.348720528584277	0.943	0.952	8.45408570692041e-85	YBX1
RGS5	8.09879071089134e-89	-0.90087474353724	0.016	0.22	1.07049815616562e-84	RGS5
DKK3	8.27725836868029e-89	-0.561518965186241	0.036	0.266	1.09408801117216e-84	DKK3
CD34	8.90561059986648e-89	-0.271916744289771	0.008	0.203	1.17714360909035e-84	CD34
IFI27	1.1429784820651e-88	-0.931981357699124	0.04	0.257	1.51078895759365e-84	IFI27
FSTL3	1.27747945105185e-88	-0.295200439027321	0.008	0.203	1.68857233840033e-84	FSTL3
PFN2	1.36658858701389e-88	-0.258802681776852	0.015	0.222	1.80635679431496e-84	PFN2
MAP1LC3A	8.30359024793384e-88	-0.253191061773645	0.035	0.263	1.09756855897189e-83	MAP1LC3A
FMO2	8.41800820790035e-88	-0.387314217237481	0.009	0.203	1.11269232492027e-83	FMO2
RTN4	1.04153753795708e-87	-0.43584979299749	0.544	0.752	1.37670431767167e-83	RTN4
EGFL7	1.81417649647428e-87	-0.621729887715734	0.02	0.225	2.3979784930397e-83	EGFL7
VIMP	5.21712685614735e-87	-0.331431380426513	0.163	0.456	6.89599827845557e-83	VIMP
NR2F2	6.41462832495206e-87	-0.270413267077772	0.014	0.217	8.47885571992163e-83	NR2F2
WISP2	7.77838316817309e-87	-0.473067943567852	0.015	0.217	1.02814668716912e-82	WISP2
ALDH1A1	7.88841360833474e-87	-0.330203287042204	0.014	0.216	1.04269051074969e-82	ALDH1A1
CANX	8.5057442856122e-87	-0.254326670099612	0.216	0.503	1.12428927967222e-82	CANX
GOLIM4	1.26805437700326e-86	-0.280137782664463	0.043	0.278	1.67611427552291e-82	GOLIM4
PLN	1.55082638007725e-86	-0.664616841689464	0.028	0.239	2.04988230918611e-82	PLN
DNAJB4	2.28539165841246e-86	-0.265056614855696	0.015	0.218	3.02083069408959e-82	DNAJB4
SPI1	2.42717068180454e-86	-0.393081070475682	0.006	0.192	3.20823420720924e-82	SPI1
ESD	7.78130386285277e-86	-0.327264384493016	0.239	0.542	1.02853274459188e-81	ESD
ASPN	1.22163281796546e-85	-0.447440967852094	0.003	0.179	1.61475425878675e-81	ASPN
FYB	1.61342695233844e-85	0.312801282121413	0.317	0.097	2.13262774560094e-81	FYB
TACC1	1.90299597541471e-85	-0.27543310112994	0.109	0.377	2.51538008030317e-81	TACC1
IER3	2.15519788610611e-85	-0.496296054601372	0.065	0.31	2.84874056585506e-81	IER3
TUBA4A	4.14241686450314e-85	0.326390865188336	0.377	0.172	5.47544661150025e-81	TUBA4A
RDX	4.37259049744681e-85	-0.269100686040956	0.067	0.312	5.7796901195252e-81	RDX
SBDS	4.61782219429515e-85	-0.357161059071759	0.263	0.567	6.10383737641933e-81	SBDS
CRTAP	9.40365386878223e-85	-0.263286486392931	0.067	0.315	1.24297496837563e-80	CRTAP
CFD	1.25717769782675e-84	-1.85626805819566	0.756	0.623	1.66173748098739e-80	CFD
KLF10	1.32269734216121e-84	-0.305683729500935	0.06	0.304	1.74834134686868e-80	KLF10
SEPT2	5.01095215381783e-84	-0.259848825143097	0.196	0.481	6.6234765569164e-80	SEPT2
CAMTA1	5.27618089956097e-84	-0.255134737429728	0.114	0.377	6.97405591303969e-80	CAMTA1
PTTG1IP	6.31049987202936e-84	-0.250677726884889	0.083	0.334	8.3412187308484e-80	PTTG1IP
ADI1	8.779521612404e-84	-0.335853434336094	0.139	0.419	1.16047716672756e-79	ADI1
BLOC1S1	1.59924956427832e-83	-0.285291134129504	0.165	0.449	2.11388807406308e-79	BLOC1S1
LDHB	1.80115085100018e-83	0.250518547583254	0.567	0.526	2.38076119485204e-79	LDHB
RPL4	3.18811027853297e-83	0.314594619235607	0.997	0.953	4.21404416616487e-79	RPL4
LMOD1	4.274733106781e-83	-0.337056125986369	0.014	0.209	5.65034222054312e-79	LMOD1
MDK	5.30176870837851e-83	-0.259944472499185	0.01	0.198	7.00787787873471e-79	MDK
RNF13	9.98411724568533e-83	-0.270022889216487	0.106	0.369	1.31970061753469e-78	RNF13
TCF21	1.01733790757803e-82	-0.26039969087363	0.004	0.178	1.34471724623664e-78	TCF21
PIGT	1.34690782267728e-82	-0.263603693182471	0.097	0.354	1.78034276001483e-78	PIGT
ELF1	1.72746384033168e-82	0.2590072251885	0.374	0.245	2.28336170415042e-78	ELF1
CRIM1	2.26551122788398e-82	-0.277017270163577	0.02	0.221	2.99455274101705e-78	CRIM1
CRISPLD2	2.29981563114357e-82	-0.32254486729135	0.005	0.183	3.03989630124557e-78	CRISPLD2
BNIP3L	2.51734182703538e-82	-0.295255859950386	0.126	0.396	3.32742242697536e-78	BNIP3L
NOV	3.76967265385301e-82	-0.657481390147935	0.009	0.191	4.98275331386291e-78	NOV
NFE2L2	4.45841339059145e-82	-0.309422754948213	0.209	0.499	5.89313081968378e-78	NFE2L2
RRBP1	4.71181086270614e-82	-0.269780310683185	0.074	0.319	6.22807159832497e-78	RRBP1
DYNC1I2	6.21553384348049e-82	-0.260055591785854	0.154	0.427	8.21569263431251e-78	DYNC1I2
ANGPTL4	1.0082700631008e-81	-0.439176611762568	0.026	0.233	1.33273136940664e-77	ANGPTL4
TMBIM1	1.20232145982059e-81	-0.263883582298956	0.115	0.38	1.58922850559086e-77	TMBIM1
LY96	1.31319143745348e-81	-0.320416276995141	0.049	0.279	1.73577644202601e-77	LY96
LRPAP1	1.77632814912811e-81	-0.283847112915374	0.188	0.472	2.34795054751754e-77	LRPAP1
C7	1.81884798018833e-81	-1.39205847594873	0.158	0.375	2.40415326021293e-77	C7
FGL2	2.84940770933714e-81	-0.295082981229466	0.019	0.217	3.76634711020183e-77	FGL2
NUCB1	3.41165568890773e-81	-0.266088605965128	0.236	0.524	4.50952648959823e-77	NUCB1
BRK1	4.9708392378676e-81	-0.296949311466528	0.352	0.65	6.5704553046134e-77	BRK1
FBLIM1	5.26130671588512e-81	-0.28683638614251	0.016	0.209	6.95439521705695e-77	FBLIM1
CCL2	7.19937369485956e-81	-1.55003205627977	0.22	0.424	9.51613214986537e-77	CCL2
EFHD1	2.42795106165342e-80	-0.261517038095865	0.007	0.183	3.20926571329349e-76	EFHD1
SRPX	4.06904126544015e-80	-0.515579444988065	0.037	0.249	5.3784587446588e-76	SRPX
PCOLCE2	4.67677497422743e-80	-0.633671043678912	0.02	0.214	6.18176116093382e-76	PCOLCE2
ZYX	5.30750061046547e-80	-0.263240640928185	0.105	0.36	7.01545430691326e-76	ZYX
C1QC	6.28326161483243e-80	-1.40338753123881	0.033	0.221	8.30521520248551e-76	C1QC
LAP3	6.62135188115078e-80	-0.291144824114284	0.081	0.328	8.75210291650511e-76	LAP3
CCND3	8.55291457830832e-80	0.262360773772893	0.374	0.239	1.13052424896079e-75	CCND3
MT-ND2	9.8106248533121e-80	0.392343652245242	0.994	0.993	1.29676839311079e-75	MT-ND2
THBS2	1.32183971098774e-79	-0.316784725134144	0.016	0.207	1.74720772998359e-75	THBS2
PTPRS	1.85505486126693e-79	-0.350860850172215	0.004	0.175	2.45201151562262e-75	PTPRS
PLAUR	2.53161841132676e-79	-0.415479098355028	0.03	0.237	3.34629321609171e-75	PLAUR
HYAL2	2.56994865214503e-79	-0.593567414467652	0.029	0.23	3.3969581284053e-75	HYAL2
INSR	2.97133534782273e-79	-0.300322498579834	0.021	0.219	3.92751106275208e-75	INSR
AES	5.7760404586116e-79	0.25481149649963	0.395	0.287	7.63477027819281e-75	AES
MEG3	6.70491457689351e-79	-0.272115325341955	0.002	0.164	8.86255608773784e-75	MEG3
SLC9A3R2	7.47142451012084e-79	-0.456060669185387	0.02	0.215	9.87572891747772e-75	SLC9A3R2
IFITM2	8.36725552081085e-79	-0.343055006316734	0.918	0.87	1.10598383474078e-74	IFITM2
CSRP2	1.31277281129013e-78	-0.321458383661157	0.012	0.194	1.73522310196329e-74	CSRP2
RHOC	1.39628383164826e-78	-0.402856133217369	0.366	0.647	1.84560796867267e-74	RHOC
RPN2	2.46225428248765e-78	-0.270623124295691	0.204	0.482	3.25460771059217e-74	RPN2
AP2S1	3.03116922735874e-78	-0.316296409578949	0.17	0.448	4.00659948472278e-74	AP2S1
TPM4	3.32085446731467e-78	-0.426355219258466	0.391	0.659	4.38950543489653e-74	TPM4
RPL10A	3.74364203447512e-78	0.270821024590152	1	0.998	4.94834604116921e-74	RPL10A
AIF1	3.83528751772953e-78	-0.984546989881224	0.073	0.236	5.06948304093489e-74	AIF1
FBLN1	3.95255299193802e-78	-1.69658413779312	0.303	0.36	5.22448454474367e-74	FBLN1
RPS4X	4.17541523984977e-78	0.260102891290366	1	0.998	5.51906386403342e-74	RPS4X
LIMD2	8.87575061413151e-78	0.30399933735368	0.324	0.114	1.1731967161759e-73	LIMD2
CKB	1.05190910022454e-77	-0.326996249351298	0.016	0.201	1.3904134486768e-73	CKB
AREG	5.141297098508e-77	0.433029103128305	0.296	0.087	6.79576650480788e-73	AREG
RPS24	6.83727701941869e-77	0.257170219284729	1	0.994	9.03751276426763e-73	RPS24
PTGIS	1.37703413607184e-76	-0.278507761265891	0.016	0.202	1.82016372105976e-72	PTGIS
RPS17	1.48151590817496e-76	0.26214890698797	1	0.997	1.95826772742566e-72	RPS17
COL8A1	1.81750641057831e-76	-0.308938085258539	0.003	0.162	2.40237997350241e-72	COL8A1
MYL6	2.06939887056885e-76	-0.482944191280518	0.989	0.983	2.7353314271179e-72	MYL6
OMD	4.66671671886496e-76	-0.311915543410947	0.008	0.179	6.16846615899571e-72	OMD
SDPR	5.29638352175279e-76	-0.292374598169048	0.004	0.169	7.00075973905284e-72	SDPR
TNXB	5.33429554626805e-76	-0.307416401268402	0.02	0.209	7.0508718530571e-72	TNXB
DAAM1	6.55656809819672e-76	-0.275057668026563	0.041	0.253	8.66647171219643e-72	DAAM1
PODN	7.93032205674824e-76	-0.31604458249174	0.017	0.201	1.04822996946098e-71	PODN
CYP1B1	9.00391743216561e-76	-0.420562707321727	0.012	0.19	1.19013780618365e-71	CYP1B1
COL3A1	9.88434929191147e-76	-0.340710640249193	0.012	0.189	1.30651328940486e-71	COL3A1
PHPT1	1.25136486264277e-75	-0.257244713449785	0.212	0.483	1.65405407544121e-71	PHPT1
CHPF	1.25602688479142e-75	-0.262723497468692	0.025	0.22	1.6602163363173e-71	CHPF
GADD45B	2.08061414710398e-75	0.371306417487045	0.889	0.69	2.75015577964204e-71	GADD45B
PIM1	4.41790927977304e-75	0.359872088757448	0.443	0.213	5.839592486004e-71	PIM1
CLTB	8.24596905830419e-75	-0.251514397283807	0.154	0.416	1.08995219012665e-70	CLTB
ATP6AP2	9.69186261462852e-75	-0.280690921133449	0.289	0.573	1.2810704004016e-70	ATP6AP2
THBS1	1.43862108863175e-74	-0.48772033304779	0.04	0.244	1.90156935495345e-70	THBS1
EEF1A1	1.70850500131481e-74	0.257521304270989	1	1	2.25830191073792e-70	EEF1A1
ADAMTS4	1.7845534106215e-74	-0.470503562566692	0.023	0.21	2.3588226981595e-70	ADAMTS4
NOP10	3.6902812506362e-74	-0.284335110434772	0.234	0.512	4.87781375709093e-70	NOP10
ADAM15	6.14471700944746e-74	-0.289440060284922	0.032	0.23	8.12208694308766e-70	ADAM15
CYB5A	6.24882883147232e-74	-0.257634158805378	0.066	0.292	8.25970194944011e-70	CYB5A
TXNIP	1.31521377424099e-73	0.385991895303317	0.891	0.723	1.73844956679174e-69	TXNIP
SSR3	1.37338823776084e-73	-0.280694787817902	0.139	0.397	1.81534457267227e-69	SSR3
TOMM7	2.69897999718343e-73	0.295016466444669	0.972	0.925	3.56751176027705e-69	TOMM7
DPT	2.93124354073301e-73	-0.63389071233345	0.028	0.218	3.8745177121409e-69	DPT
RPL9	3.18385558484936e-73	0.253484012045323	1	0.998	4.20842031205389e-69	RPL9
CALM1	3.47761325311135e-73	0.325217769870313	0.88	0.75	4.59670919796258e-69	CALM1
H2AFJ	4.09383153865848e-73	-0.314911859358427	0.149	0.411	5.41122652779878e-69	H2AFJ
HSP90B1	5.38627159772167e-73	-0.49087117977265	0.544	0.724	7.1195737978685e-69	HSP90B1
MAGED2	9.00355457201721e-73	-0.297520431810781	0.163	0.428	1.19008984332924e-68	MAGED2
SORBS2	1.60669497832683e-72	-0.361900731328379	0.01	0.176	2.12372942235241e-68	SORBS2
ATP5J	1.85406249199035e-72	-0.253031974064721	0.361	0.64	2.45069980191285e-68	ATP5J
C1QA	1.99836208860369e-72	-1.57093873776151	0.076	0.266	2.64143500871635e-68	C1QA
C1QB	2.20984862954478e-72	-1.55829143925298	0.066	0.256	2.92097791853229e-68	C1QB
WSB1	3.91827838675117e-72	-0.312961118026115	0.264	0.542	5.1791803716077e-68	WSB1
MYDGF	5.34867650046147e-72	-0.334184434259614	0.222	0.496	7.06988059830997e-68	MYDGF
FHL2	6.55208221092543e-72	-0.250449221310346	0.01	0.177	8.66054226640124e-68	FHL2
GGT5	7.1307583077987e-72	-0.255537895017183	0.009	0.174	9.42543633124832e-68	GGT5
NUCKS1	1.28209356378114e-71	-0.271278945725551	0.285	0.56	1.69467127260591e-67	NUCKS1
CXCL16	1.65855979252921e-71	-0.418360791409204	0.02	0.197	2.19228433376511e-67	CXCL16
SOX4	1.08879445019717e-70	-0.252461191502601	0.031	0.222	1.43916850427062e-66	SOX4
IL10RA	1.24102788749157e-70	0.283915980579765	0.311	0.119	1.64039066168636e-66	IL10RA
FOS	1.41634870871605e-70	-0.387796830672785	0.871	0.735	1.87212972318087e-66	FOS
MNDA	1.44876021935451e-70	-0.336990590653699	0.006	0.162	1.91497125794279e-66	MNDA
MS4A7	1.98899461387041e-70	-0.39968894139159	0.004	0.154	2.62905308061391e-66	MS4A7
APOD	2.71887479911923e-70	-2.11639667209533	0.624	0.498	3.5938087094758e-66	APOD
SGCA	3.16568321433956e-70	-0.260659524370911	0.011	0.175	4.18440007271403e-66	SGCA
OLFML3	4.38514403152327e-70	-0.275047914315408	0.012	0.178	5.79628338086746e-66	OLFML3
PTN	6.10265706934628e-70	-0.514202957658225	0.014	0.183	8.06649211426191e-66	PTN
PFDN5	6.88883055792245e-70	0.276657837416006	0.984	0.942	9.10565623146189e-66	PFDN5
HNRNPA1	9.00744538192325e-70	0.277613572158828	0.992	0.938	1.19060413058262e-65	HNRNPA1
MGST1	9.8318360658346e-70	-0.633885838538296	0.036	0.221	1.29957209118202e-65	MGST1
CSF1R	1.13864034211966e-69	-0.333416762891129	0.007	0.163	1.50505480421376e-65	CSF1R
ARHGAP30	1.98654077768732e-69	0.254576356140694	0.286	0.104	2.6258095999471e-65	ARHGAP30
LPP	2.71599632939632e-69	-0.257155602036803	0.061	0.275	3.59000394819605e-65	LPP
VSIG4	3.51538136376825e-69	-0.541922919356129	0.019	0.184	4.64663108662887e-65	VSIG4
VWF	4.28509447073123e-69	-0.468604500428648	0.012	0.173	5.66403787141254e-65	VWF
SYNPO2	4.47065176042175e-69	-0.260748212761367	0.009	0.169	5.90930749692547e-65	SYNPO2
SQSTM1	5.10123712491713e-69	-0.297493935255755	0.361	0.636	6.74281523171546e-65	SQSTM1
MYH10	9.10728900687462e-69	-0.346326712640636	0.016	0.186	1.20380146092869e-64	MYH10
PPT1	1.40409396346132e-68	-0.332893502564341	0.161	0.415	1.85593140090318e-64	PPT1
PECAM1	1.49575547722669e-68	-0.474874323685247	0.048	0.242	1.97708958979823e-64	PECAM1
MSR1	1.63837991099106e-68	-0.367984535759672	0.005	0.156	2.16561056634798e-64	MSR1
EEF1B2	4.85178827182811e-68	0.285062036306013	0.972	0.876	6.4130937377024e-64	EEF1B2
SFRP4	2.5023079327349e-67	-0.378009033844369	0.003	0.145	3.30755062548899e-63	SFRP4
NET1	2.53605304353925e-67	-0.27759612597957	0.013	0.177	3.35215491295018e-63	NET1
TUBA1A	4.42771772274133e-67	-0.446403613523862	0.352	0.604	5.85255728591949e-63	TUBA1A
IGF1	7.87428574933964e-67	-0.352254394855096	0.01	0.167	1.04082309034771e-62	IGF1
EID1	1.01323869584035e-66	-0.365310836033654	0.665	0.79	1.33929890816178e-62	EID1
TNFSF13B	1.75076193848106e-66	-0.277339934241238	0.023	0.196	2.31415713028427e-62	TNFSF13B
TGFBR2	3.4931630701527e-66	-0.298403614432382	0.087	0.31	4.61726294612784e-62	TGFBR2
PSMB9	4.60060400795806e-66	0.254780891471802	0.379	0.269	6.08107837771896e-62	PSMB9
FKBP1A	6.20127027450687e-66	-0.474265297489044	0.456	0.678	8.19683904884318e-62	FKBP1A
STAB1	6.99314717262015e-66	-0.254673092426531	0.006	0.154	9.24354193276931e-62	STAB1
RARRES1	1.44566087713595e-65	-0.932801739351914	0.029	0.202	1.91087454739829e-61	RARRES1
PLVAP	2.6426793097664e-65	-0.695386963469962	0.025	0.185	3.49309351164923e-61	PLVAP
NINJ1	3.28806156441842e-65	-0.286464598044043	0.067	0.276	4.34615977584827e-61	NINJ1
MS4A4A	4.58650131300184e-65	-0.405386772017356	0.008	0.157	6.06243743552583e-61	MS4A4A
MYC	5.42945050488304e-65	-0.534508854455507	0.138	0.371	7.1766476773544e-61	MYC
RPL36AL	1.86132557997796e-64	0.283552969057506	0.952	0.882	2.46030015161486e-60	RPL36AL
RNASE6	2.32390216204464e-64	-0.303794482493344	0.014	0.17	3.0717338777906e-60	RNASE6
MCAM	3.67511205252062e-64	-0.251189506462789	0.025	0.197	4.85776311102175e-60	MCAM
ATP6V0B	1.02093231389352e-63	-0.304613667746158	0.226	0.484	1.34946833250445e-59	ATP6V0B
SDCBP	1.67458658293428e-63	-0.395602001183665	0.421	0.654	2.21346854532253e-59	SDCBP
FPR1	1.81696741290601e-63	-0.297623504468239	0.007	0.152	2.40166752637917e-59	FPR1
TSPAN7	4.45090611441322e-63	-0.29490098388118	0.01	0.159	5.8832077020314e-59	TSPAN7
MT-CO2	5.92696898949121e-63	0.32659469392687	0.993	0.987	7.83426761030948e-59	MT-CO2
ZFP36	7.9603349081078e-63	-0.551986626323417	0.846	0.765	1.05219706815369e-58	ZFP36
CLEC14A	1.10768454418768e-62	-0.294854326040612	0.005	0.146	1.46413743050727e-58	CLEC14A
ADGRL4	1.53195103352488e-62	-0.313737954722979	0.006	0.148	2.02493287611319e-58	ADGRL4
ACADVL	2.13898282349982e-62	-0.250124671034464	0.242	0.494	2.82730749610206e-58	ACADVL
VAMP5	2.59519937355911e-62	-0.335900914854854	0.173	0.417	3.43033453197043e-58	VAMP5
LTBP2	1.43562354309806e-61	-0.257105978522177	0.006	0.146	1.89760719926702e-57	LTBP2
PTGDS	2.06660462601727e-61	-1.44975855338899	0.096	0.29	2.73163799466962e-57	PTGDS
BSG	2.3349912131287e-61	-0.287210755967276	0.408	0.664	3.08639138551352e-57	BSG
ACTG1	2.59938026619747e-61	-0.334048925458537	0.99	0.989	3.43586083585982e-57	ACTG1
C3	4.45445520262724e-61	-0.824968414748343	0.089	0.274	5.88789888683268e-57	C3
NUCB2	6.4305638652228e-61	-0.271270608849044	0.118	0.342	8.49991931705149e-57	NUCB2
PRNP	9.82747854252205e-61	-0.251959589690185	0.176	0.414	1.29899611375056e-56	PRNP
SLA	1.87984195897454e-60	0.264054095188755	0.31	0.115	2.48477510137254e-56	SLA
FOLR2	1.98240886689245e-60	-0.534571118334325	0.014	0.16	2.62034804025844e-56	FOLR2
RAMP3	2.54210614579294e-60	-0.388971529059382	0.011	0.155	3.36015590350911e-56	RAMP3
SH3BGRL	4.77911147163886e-60	-0.305932730439221	0.373	0.627	6.31702954321224e-56	SH3BGRL
MYH11	7.47815082424371e-60	-0.631917337644213	0.06	0.234	9.88461975948534e-56	MYH11
FABP5	1.50330108523006e-59	-0.502162445427662	0.075	0.27	1.98706337445709e-55	FABP5
FABP4	1.5332477672557e-59	-1.38314836513788	0.085	0.264	2.02664689875859e-55	FABP4
CD163	2.59562873202503e-59	-0.32038346703971	0.01	0.15	3.43090205799068e-55	CD163
AGT	6.30139915033007e-59	-0.354871055746267	0.009	0.149	8.32918939690628e-55	AGT
ADAMTS9	1.14232347279408e-58	-0.278354039020275	0.006	0.14	1.50992316633922e-54	ADAMTS9
GPC3	3.47550279277169e-58	-0.305309778600017	0.014	0.16	4.59391959148562e-54	GPC3
SEC62	6.33023834203352e-58	-0.288190644253038	0.519	0.746	8.3673090404999e-54	SEC62
NDUFA4	1.63484012067069e-57	-0.412009540338572	0.85	0.871	2.16093167150252e-53	NDUFA4
ACKR1	4.38127395911303e-56	-1.0646562994164	0.038	0.177	5.79116791915561e-52	ACKR1
S100A10	1.00343835497739e-55	-0.258137691716258	0.857	0.746	1.32634481760911e-51	S100A10
HEXIM1	1.61179663675592e-55	0.285198979738138	0.526	0.418	2.13047279446397e-51	HEXIM1
SLC25A4	1.85010900544757e-54	-0.250469902550393	0.06	0.242	2.4454740834006e-50	SLC25A4
STEAP4	3.7607265829833e-54	-0.435960255541495	0.019	0.162	4.97092839738733e-50	STEAP4
MFAP5	5.64318424969186e-54	-0.676767771324665	0.029	0.175	7.4591609412427e-50	MFAP5
RAMP1	6.99394210264148e-54	-0.486075114624588	0.031	0.182	9.24459267127151e-50	RAMP1
RBP7	5.998638135098e-53	-0.29158236795431	0.005	0.127	7.92899988697254e-49	RBP7
UAP1	3.6921260472822e-52	-0.345127673582616	0.074	0.257	4.88025220929761e-48	UAP1
ISYNA1	9.81470703318666e-52	-0.256237425948515	0.036	0.194	1.29730797564661e-47	ISYNA1
HIF1A	1.2549236776886e-51	-0.273290420054612	0.145	0.357	1.6587581171688e-47	HIF1A
POSTN	2.369879573177e-51	-0.312452157970671	0.008	0.131	3.13250681982536e-47	POSTN
SPCS2	3.14539425050504e-51	-0.261744908758157	0.391	0.628	4.15758212031756e-47	SPCS2
CCL4	3.20723186402459e-51	0.639388762950656	0.337	0.149	4.2393190778677e-47	CCL4
TAGLN2	3.5379164275719e-51	-0.370424639319253	0.602	0.743	4.67641793396453e-47	TAGLN2
HTRA3	1.24565699756492e-50	-0.409528292844973	0.016	0.15	1.64650941938131e-46	HTRA3
SOD2	2.50021558869507e-50	-0.433877753796733	0.161	0.369	3.30478496513714e-46	SOD2
NDRG1	2.59624390246775e-50	-0.256701653970944	0.09	0.277	3.43171519028187e-46	NDRG1
F13A1	1.32401675524733e-49	-0.319980668278203	0.01	0.132	1.75008534708592e-45	F13A1
CEBPB	1.5107653322414e-49	-0.389005047530715	0.304	0.532	1.99692961615668e-45	CEBPB
DUSP23	3.01359326457588e-49	-0.268660229736173	0.087	0.271	3.9833675771164e-45	DUSP23
CD36	5.10966048321513e-49	-0.311235217549675	0.004	0.116	6.75394922671376e-45	CD36
IL6	1.51939988356324e-48	-0.338217824111011	0.008	0.126	2.00834276609389e-44	IL6
CLDN5	7.00565857273863e-48	-0.694345163872428	0.02	0.146	9.26007950144592e-44	CLDN5
PI16	9.07964810198926e-48	-0.413595453497283	0.02	0.147	1.20014788612094e-43	PI16
PFN1	1.35746883609961e-47	0.292896573960725	0.989	0.941	1.79430230755647e-43	PFN1
DUSP1	2.55167112572561e-47	-0.341404048783376	0.891	0.829	3.37279889398411e-43	DUSP1
MYOC	3.16335359507714e-47	-0.529051705322107	0.012	0.132	4.18132078197296e-43	MYOC
TOB1	8.05464086320989e-47	0.280707977828563	0.398	0.264	1.06466242929908e-42	TOB1
CXCL2	1.02571419926681e-46	-0.569922822422414	0.014	0.134	1.35578902859087e-42	CXCL2
P4HB	1.55849311433577e-46	-0.258300834649838	0.418	0.642	2.06001619852903e-42	P4HB
PKM	1.58950718922367e-46	-0.288696115142502	0.467	0.679	2.10101060271585e-42	PKM
HSP90AB1	2.03875172882798e-46	-0.259805016748548	0.871	0.904	2.69482203516482e-42	HSP90AB1
PEBP1	3.03122162101525e-46	-0.311212132270122	0.515	0.7	4.00666873865796e-42	PEBP1
GPX4	3.31938859404797e-46	-0.290740546274488	0.614	0.766	4.38756784361261e-42	GPX4
CTSD	4.59834734331962e-46	-0.579912569508761	0.461	0.638	6.07809551839988e-42	CTSD
APOC1	4.89648709066282e-46	-0.462552516813182	0.004	0.11	6.47217663643812e-42	APOC1
CTNNB1	5.95695022336866e-45	-0.271324639525159	0.152	0.349	7.87389680524869e-41	CTNNB1
SFRP2	1.82989748983619e-44	-0.609533301978909	0.013	0.127	2.41875850206548e-40	SFRP2
CDH19	7.32880455388577e-44	-0.286797361399104	0.014	0.13	9.68721385932622e-40	CDH19
CXCL3	8.26386227386424e-44	-0.509044417066697	0.005	0.107	1.09231731535938e-39	CXCL3
FCER1G	8.81185538505047e-44	-0.886319947523509	0.122	0.258	1.16475104479597e-39	FCER1G
KLF6	2.52443709861698e-43	0.279097259823783	0.542	0.431	3.33680095695193e-39	KLF6
TMEM59	1.11703552889328e-42	-0.29972818627081	0.708	0.825	1.47649756209113e-38	TMEM59
SAT1	1.12836157426741e-42	-0.464062768562119	0.759	0.698	1.49146832886667e-38	SAT1
GIMAP4	1.72658694394417e-42	0.255741872947432	0.353	0.188	2.2822026225054e-38	GIMAP4
EIF4A1	2.74646772001509e-42	-0.27184600041793	0.496	0.698	3.63028103231595e-38	EIF4A1
LSP1	2.95893453215632e-42	0.250196842026078	0.448	0.253	3.91111966460423e-38	LSP1
PLAT	1.03299564988468e-41	-0.34569001232987	0.059	0.202	1.36541365001757e-37	PLAT
NR4A1	1.13700425371695e-41	-0.614199810824989	0.229	0.387	1.50289222256306e-37	NR4A1
MARCKSL1	2.7959633095016e-41	-0.439124910746907	0.097	0.247	3.69570430249922e-37	MARCKSL1
FLNA	9.73859465163682e-41	-0.346874850198536	0.196	0.389	1.28724744105336e-36	FLNA
LGI4	2.75137280628459e-40	-0.282285285520248	0.02	0.135	3.63676457534698e-36	LGI4
PPP1R15A	4.52871850019206e-38	-0.289283889967205	0.244	0.441	5.98606011355386e-34	PPP1R15A
HSPA5	9.5875245438225e-38	-0.252708628351088	0.399	0.603	1.26727899420246e-33	HSPA5
IL1B	9.90271966404214e-38	-0.362553861443545	0.009	0.103	1.30894148519309e-33	IL1B
LST1	1.16107372304871e-37	-0.316567070385861	0.056	0.182	1.53470724712578e-33	LST1
RGS2	2.07046325223224e-36	-0.447803793171206	0.134	0.289	2.73673832680058e-32	RGS2
IFIT2	2.91862208206159e-36	-0.271041470710916	0.011	0.106	3.85783466806901e-32	IFIT2
SPP1	3.69071876317456e-36	-0.573061277712118	0.009	0.102	4.87839206116414e-32	SPP1
NEAT1	7.11756553037655e-36	-0.304214074486398	0.86	0.812	9.40799811805173e-32	NEAT1
SERPINE2	5.16200528566384e-35	-0.33955972918452	0.037	0.154	6.82313858659046e-31	SERPINE2
CXCL14	1.27442609247204e-34	-0.892911953682497	0.043	0.145	1.68453640902955e-30	CXCL14
SLPI	2.56127692184795e-34	-0.393854743788814	0.016	0.114	3.38549583529862e-30	SLPI
SGK1	3.49796971347812e-32	-0.327766108208951	0.109	0.251	4.62361636727538e-28	SGK1
PLIN2	6.83356224584346e-32	-0.47698246625091	0.171	0.327	9.03260257655589e-28	PLIN2
ACTN4	1.07378260121212e-31	-0.252217640091376	0.216	0.39	1.41932584228218e-27	ACTN4
BTG2	4.05335499025217e-30	-0.351028687228716	0.27	0.44	5.35772462611532e-26	BTG2
S100A9	1.07837830552794e-26	-0.98636220421866	0.061	0.166	1.42540044424683e-22	S100A9
ITGB1	2.92577084900547e-26	-0.303013943811519	0.552	0.683	3.86728390821543e-22	ITGB1
TYROBP	4.04942117787997e-26	-0.707534457476829	0.217	0.27	5.35252491292175e-22	TYROBP
ARID5B	1.25090525584658e-23	-0.376847082544921	0.292	0.427	1.65344656717801e-19	ARID5B
SOCS3	8.26001549463725e-22	-0.382547210499234	0.34	0.464	1.09180884808115e-17	SOCS3
JCHAIN	6.70142944057883e-20	-3.37834286061849	0.094	0.18	8.8579494345571e-16	JCHAIN
CTSS	2.60849014144256e-19	-0.293523503779617	0.214	0.282	3.44790226895877e-15	CTSS
SSR4	0.000146811121380979	-0.395008831070745	0.793	0.754	1	SSR4
HERPUD1	0.0994066460286916	-0.271604513558433	0.58	0.571	1	HERPUD1
